State,Year,APC_Percent,PDP_Percent,LP_Percent,NNPP_Percent,APC_Votes,PDP_Votes,LP_Votes,NNPP_Votes,Poverty_Rate,Literacy_Rate,Urbanization_Rate,Youth_Population_Percent
Osun,2015,0.5969,0.3889,0.0,0.0,383603.0,249929.0,0.0,0.0,0.175,0.65,0.46,0.35
Osun,2019,0.4864,0.4721,0.0,0.0002,347634.0,337377.0,33.0,129.0,0.207,0.675,0.48,0.36
Osun,2023,0.4803316985084962,0.4846576291095245,0.032867430169311755,0.0021432422126674818,219184.0,221158.0,14998.0,978.0,0.22,0.68,0.49,0.37
