State,Year,APC_Percent,PDP_Percent,LP_Percent,NNPP_Percent,APC_Votes,PDP_Votes,LP_Votes,NNPP_Votes,Poverty_Rate,Literacy_Rate,Urbanization_Rate,Youth_Population_Percent
Osun,2015,59.69,38.89,0.0,0.0,383603.0,249929.0,0.0,0.0,17.5,65.0,46.0,35.0
Osun,2019,48.64,47.21,0.0,0.02,347634.0,337377.0,33.0,129.0,20.7,67.5,48.0,36.0
Osun,2023,48.033169850849625,48.46576291095245,3.2867430169311755,0.2143242212667482,219184.0,221158.0,14998.0,978.0,22.0,68.0,49.0,37.0
